recordid,username,userid,transactiondate,amount
1,Westbrook,420079,12/26/2023,226
2,Martina,775488,9/20/2023,129
3,Hill,687427,10/7/2023,242
4,Silvanus,393034,11/4/2023,31
5,Tye,221070,2/20/2024,102
6,Freda,207346,8/12/2024,80
7,Marita,594595,4/22/2024,57
8,Maureene,734511,10/7/2023,114
9,Marietta,858338,7/17/2024,195
10,Salaidh,587301,5/28/2024,114
11,Rina,619728,11/30/2023,102
12,Karry,452546,7/30/2024,139
13,Anne,455570,12/2/2023,226
14,Emogene,558832,10/29/2023,197
15,Leighton,525707,1/9/2024,248
16,Raphael,487495,10/15/2023,52
17,Yuri,567945,3/20/2024,215
18,Burton,922447,11/23/2023,90
19,Haily,465800,10/26/2023,219
20,Douglass,373650,6/22/2024,210
21,Tarrah,281467,8/31/2023,234
22,Korey,666030,10/30/2023,204
23,Philippine,428952,11/11/2023,161
24,Jandy,693167,3/25/2024,180
25,Helena,794739,8/8/2024,17
26,Barbey,190214,1/5/2024,80
27,Zebulon,589912,7/14/2024,70
28,Olag,520586,6/22/2024,135
29,Zaria,556596,2/16/2024,49
30,Job,141909,12/18/2023,85
31,Mordecai,753595,12/4/2023,7
32,Walt,291137,3/17/2024,13
33,Jacob,236527,8/12/2024,79
34,Tiertza,806409,12/2/2023,181
35,Emlynn,286373,10/14/2023,218
36,Jordanna,772406,11/30/2023,46
37,Danita,210574,4/4/2024,208
38,Merwin,400922,5/28/2024,6
39,Cordelie,167533,2/7/2024,237
40,Morna,263199,5/17/2024,39
41,Kermit,851802,11/5/2023,229
42,Kinsley,411836,9/2/2023,162
43,Maude,666731,5/19/2024,39
44,Doralynne,478887,12/4/2023,211
45,Marven,426505,11/8/2023,96
46,Serene,543784,12/18/2023,198
47,Edmon,414308,8/26/2023,207
48,Coralyn,999711,8/20/2023,228
49,Forster,901354,12/25/2023,231
50,Blaire,196972,6/16/2024,211
51,Marika,379452,6/21/2024,238
52,Aguie,566192,6/15/2024,203
53,Sayer,501481,3/15/2024,156
54,Sunshine,240628,4/15/2024,105
55,Staci,737779,6/12/2024,175
56,Cammie,394043,9/20/2023,155
57,Wilfrid,307354,10/28/2023,249
58,Lauri,138438,10/25/2023,222
59,Verge,245316,5/7/2024,229
60,Carilyn,613686,8/16/2024,137
61,Thelma,730273,2/2/2024,138
62,Alfi,857495,4/19/2024,145
63,Merrily,843454,4/26/2024,70
64,Sybyl,340203,10/17/2023,17
65,Yehudi,860619,12/30/2023,122
66,Osbourn,309788,9/13/2023,2
67,Gregorio,941772,1/16/2024,116
68,Frederique,974548,12/17/2023,122
69,Chaddy,154814,2/8/2024,59
70,Jacquenetta,732067,6/23/2024,62
71,Maggy,375930,1/31/2024,242
72,Sadie,394702,9/12/2023,163
73,Chrystel,998123,12/2/2023,238
74,Caz,547072,7/22/2024,230
75,Ariel,591437,6/9/2024,53
76,Neddie,222581,3/3/2024,173
77,Bryan,705195,4/6/2024,134
78,Cece,810343,5/30/2024,108
79,Way,777308,3/29/2024,90
80,Kevyn,326759,10/16/2023,246
81,Carolina,985868,10/20/2023,225
82,Carla,648902,3/19/2024,10
83,Cammy,738809,11/24/2023,42
84,Jorie,384541,7/30/2024,23
85,Maggie,760174,6/6/2024,158
86,Ryun,331488,6/9/2024,227
87,Gabbie,797293,3/29/2024,211
88,Ax,649257,4/23/2024,19
89,Floris,690451,3/26/2024,26
90,Crawford,648346,6/10/2024,62
91,Mikaela,394794,11/5/2023,176
92,Harwell,122332,8/18/2024,95
93,Tilda,795987,12/28/2023,129
94,Merlina,881051,5/11/2024,100
95,Ezri,415310,10/16/2023,148
96,Birch,184333,3/28/2024,9
97,Maitilde,317853,4/15/2024,8
98,Lorianna,304701,4/13/2024,247
99,Blinny,693048,6/19/2024,209
100,Winny,705326,6/4/2024,248
101,Larisa,333091,3/18/2024,59
102,Sissy,306505,7/12/2024,187
103,Babb,159108,12/21/2023,166
104,Glenda,332850,3/31/2024,44
105,Josepha,957868,1/11/2024,107
106,Lilia,229412,5/20/2024,111
107,Brittne,903786,6/5/2024,188
108,Maureen,425352,10/12/2023,67
109,Vanya,203316,4/17/2024,163
110,Lorrayne,499587,8/6/2024,198
111,Erie,224659,12/8/2023,49
112,Paige,154905,6/10/2024,96
113,Joycelin,727134,6/16/2024,81
114,Sonnie,762325,8/10/2024,143
115,Amble,837237,11/15/2023,181
116,Barret,963591,5/30/2024,203
117,Buiron,139684,12/15/2023,234
118,Cleopatra,450184,10/18/2023,171
119,Mahala,502794,2/13/2024,199
120,Shannon,281836,1/28/2024,18
121,Carry,990998,8/28/2023,209
122,Martica,162783,4/3/2024,224
123,Elmira,607054,10/30/2023,175
124,Murdock,778269,6/12/2024,226
125,Leigha,955053,5/19/2024,75
126,Hazel,271374,8/27/2023,77
127,Kit,749644,4/28/2024,80
128,Joellen,481858,5/10/2024,114
129,Read,234925,8/8/2024,178
130,Kiele,359206,9/11/2023,54
131,Shurlock,930667,12/22/2023,33
132,Kathryn,283123,1/30/2024,54
133,Normie,768912,2/9/2024,229
134,Tanitansy,518465,9/18/2023,97
135,Katrine,216770,7/30/2024,108
136,Mark,493800,4/23/2024,27
137,Hilda,541148,3/16/2024,86
138,Alvie,869326,4/23/2024,122
139,Lynnett,217309,6/26/2024,246
140,Corbett,826720,3/1/2024,169
141,Jolie,346195,2/20/2024,36
142,Aldridge,432076,6/4/2024,118
143,Torry,656657,5/7/2024,74
144,Terrijo,969109,11/20/2023,83
145,Sibley,817526,3/12/2024,131
146,Irena,958790,6/6/2024,124
147,Chery,151122,12/29/2023,206
148,Olivier,149015,4/1/2024,20
149,Candice,875509,10/9/2023,236
150,Ariela,202978,3/12/2024,41
151,Virgilio,569547,7/4/2024,235
152,Peirce,769920,9/18/2023,4
153,Rosabelle,606349,3/15/2024,162
154,Jane,962096,8/19/2024,133
155,Neala,482469,4/22/2024,220
156,Albertine,480307,10/30/2023,169
157,Joelynn,708622,9/8/2023,209
158,Rhona,133699,4/17/2024,89
159,Maynord,834584,10/3/2023,121
160,Francis,480694,6/15/2024,168
161,Fleur,928280,10/4/2023,37
162,Jenda,458186,7/29/2024,250
163,Querida,944510,6/30/2024,204
164,Kellia,441261,6/5/2024,166
165,Dana,308863,9/9/2023,191
166,Frans,665691,1/10/2024,48
167,Jolyn,875501,6/18/2024,225
168,Alan,376689,8/12/2024,240
169,Shandee,913193,6/22/2024,194
170,Connie,769772,1/1/2024,198
171,Alaster,393604,11/11/2023,21
172,Virgil,777383,8/1/2024,112
173,Venita,777871,5/2/2024,152
174,Pam,488081,7/8/2024,123
175,Roberta,287089,6/23/2024,15
176,Aarika,599339,2/24/2024,29
177,Em,890492,2/8/2024,137
178,Marillin,649279,6/9/2024,210
179,Tilly,556586,7/22/2024,46
180,Tomlin,631647,12/5/2023,228
181,Petr,513453,4/30/2024,38
182,Manda,864643,7/31/2024,86
183,Margaux,382740,3/10/2024,201
184,Susan,733825,6/16/2024,201
185,Britni,597520,1/19/2024,244
186,Ronald,555203,8/3/2024,218
187,Gayle,165761,12/11/2023,149
188,Stacy,422442,11/23/2023,2
189,Tan,756524,8/24/2023,219
190,Theo,452201,10/13/2023,196
191,Berton,344917,9/5/2023,52
192,Clarisse,646536,10/27/2023,118
193,Abelard,891207,3/11/2024,233
194,Emelina,840596,2/1/2024,2
195,Lizzy,545196,2/14/2024,237
196,Terrance,679016,8/18/2024,200
197,Clementine,481515,12/30/2023,205
198,Clim,233238,7/27/2024,83
199,Flss,980148,11/1/2023,39
200,Hamlen,963688,9/25/2023,234
201,Vickie,204617,12/16/2023,190
202,Garret,171609,7/31/2024,178
203,Benetta,386886,1/1/2024,137
204,Dante,693160,10/28/2023,194
205,Sigismundo,836077,10/16/2023,250
206,Kirsteni,177731,8/21/2023,22
207,Andriana,188072,11/22/2023,39
208,Jarred,545085,11/16/2023,40
209,Gerek,443255,11/22/2023,115
210,Danny,781241,2/12/2024,44
211,Dita,439847,1/1/2024,55
212,Andrej,931934,9/27/2023,28
213,Blythe,419466,12/2/2023,41
214,Naoma,252821,3/15/2024,82
215,Eugene,660292,6/16/2024,237
216,Lane,720335,1/26/2024,236
217,Kathleen,355103,6/10/2024,205
218,Whittaker,791922,11/10/2023,102
219,Ferdinande,416251,11/20/2023,49
220,Carlita,830040,5/14/2024,150
221,Wiley,911435,8/23/2023,149
222,Rachel,478684,2/5/2024,71
223,Kipp,253005,1/25/2024,237
224,Dorothee,399903,10/18/2023,3
225,Gilles,519551,1/21/2024,166
226,Torre,537109,9/29/2023,231
227,Yale,824898,12/2/2023,221
228,Enos,676267,8/16/2024,3
229,Mozelle,608436,8/10/2024,135
230,Andy,157097,9/2/2023,33
231,Gualterio,530586,1/6/2024,153
232,Adrian,524750,3/18/2024,64
233,Towny,111486,3/14/2024,108
234,Rowen,332442,2/1/2024,249
235,Sofie,629821,7/20/2024,78
236,Orlan,605391,1/30/2024,161
237,Liane,631168,7/23/2024,211
238,Pansy,462994,1/1/2024,56
239,Erma,947873,2/9/2024,185
240,Sidnee,449001,2/21/2024,220
241,Fabe,862372,12/28/2023,8
242,Darbie,411469,3/3/2024,84
243,Pansy,986244,2/28/2024,189
244,Violetta,968283,11/22/2023,38
245,Tilly,402295,11/5/2023,190
246,Roselia,989251,8/4/2024,113
247,Sabina,313201,6/10/2024,17
248,Bernete,563705,1/22/2024,129
249,Waite,203125,10/22/2023,238
250,Jeffy,679106,8/31/2023,141
251,Johnath,844268,11/1/2023,40
252,Norene,137744,5/2/2024,233
253,Pauletta,433514,1/24/2024,130
254,Barnebas,793355,12/10/2023,5
255,Zolly,372546,8/16/2024,162
256,Henrie,891061,10/15/2023,120
257,Gilemette,831672,7/23/2024,59
258,Camey,517224,8/26/2023,37
259,Mendy,397702,10/4/2023,198
260,Carson,115356,7/20/2024,122
261,Rudd,386049,10/3/2023,248
262,Hussein,184697,7/23/2024,121
263,Gerek,529837,5/4/2024,40
264,Andriana,931594,12/31/2023,135
265,Correy,676384,9/16/2023,33
266,Johnathon,758810,1/7/2024,161
267,Caril,588972,4/28/2024,70
268,Kingsley,648183,8/25/2023,187
269,Arlette,763628,6/29/2024,20
270,Emmalynn,476424,12/22/2023,79
271,Mohandis,560349,3/1/2024,147
272,Rad,452924,1/18/2024,98
273,Dorella,122732,9/12/2023,41
274,Bernardine,472399,7/4/2024,9
275,Ardyce,254487,8/21/2023,1
276,Sena,282907,4/17/2024,164
277,Tam,898944,11/18/2023,54
278,Briano,888335,1/14/2024,33
279,Englebert,337942,3/10/2024,55
280,Ronda,569961,12/22/2023,194
281,Leanor,706280,2/2/2024,73
282,Sibby,148478,8/20/2023,46
283,Gillian,714924,10/29/2023,189
284,Tades,866937,8/28/2023,140
285,Elie,538267,1/21/2024,228
286,Ariana,516989,4/3/2024,210
287,Jessie,637294,8/13/2024,199
288,Romy,224372,3/18/2024,96
289,Alfi,640366,5/31/2024,16
290,Anderson,603887,11/29/2023,179
291,Torie,201297,6/25/2024,248
292,My,487397,6/22/2024,77
293,Manfred,181622,8/22/2023,37
294,Jacquette,848998,3/3/2024,129
295,Rustin,775935,5/5/2024,14
296,Chucho,673244,12/19/2023,163
297,Lyn,691176,10/11/2023,12
298,Kendricks,891755,5/22/2024,105
299,Yetta,232415,3/21/2024,213
300,Curry,132197,8/7/2024,130
301,Brady,668614,5/9/2024,241
302,Pepita,790802,9/7/2023,191
303,Gail,772282,9/7/2023,178
304,Nicole,182038,8/26/2023,189
305,Karla,810450,7/25/2024,25
306,Estele,864313,2/1/2024,154
307,Nichols,765364,4/8/2024,212
308,Baudoin,962648,1/3/2024,178
309,Cordi,931711,7/9/2024,114
310,Dewey,375077,8/17/2024,155
311,Sonnie,602732,4/24/2024,113
312,Ellery,956744,3/3/2024,169
313,Allene,415955,1/9/2024,30
314,Marvin,359728,11/25/2023,194
315,Ardyth,704883,6/4/2024,175
316,Chrissy,198456,10/6/2023,187
317,Jeni,737022,2/1/2024,26
318,Wandis,292727,1/1/2024,90
319,Harbert,474592,11/17/2023,246
320,Blondelle,610802,10/14/2023,36
321,Dunstan,153985,4/7/2024,218
322,Wes,630521,3/17/2024,208
323,Selie,106034,1/11/2024,216
324,Essie,393236,5/15/2024,234
325,Deanna,285673,8/28/2023,98
326,Jodi,254411,6/18/2024,164
327,Jayson,725224,7/22/2024,140
328,Karylin,316225,12/31/2023,222
329,Valene,586536,4/24/2024,225
330,Graig,166195,7/1/2024,226
331,Gabbie,518651,10/9/2023,130
332,Valaria,384036,12/18/2023,109
333,Zarla,618032,9/27/2023,153
334,Madlen,551300,5/22/2024,212
335,Dewitt,665403,7/16/2024,231
336,Christoph,794939,6/11/2024,137
337,Julius,967859,11/23/2023,181
338,Lockwood,215616,11/22/2023,214
339,Flory,253970,7/26/2024,97
340,Corina,126559,2/12/2024,184
341,Alonzo,610468,9/10/2023,39
342,Nicola,578101,5/16/2024,141
343,Kristal,264290,6/19/2024,75
344,Bobbee,375622,5/14/2024,155
345,Willey,134728,10/9/2023,68
346,Yalonda,190470,12/9/2023,91
347,Neila,714971,12/28/2023,27
348,Ilene,538178,8/31/2023,100
349,Wakefield,172553,1/4/2024,82
350,Court,289362,9/23/2023,247
351,Cornelius,618665,8/7/2024,106
352,Babbie,860166,8/19/2024,189
353,Betti,369821,6/25/2024,163
354,Minetta,378022,12/22/2023,57
355,Coralie,711659,7/11/2024,171
356,Josey,978139,3/11/2024,4
357,Rufus,445180,9/5/2023,236
358,Murry,168944,10/15/2023,4
359,Odette,927136,2/5/2024,174
360,Illa,132134,1/11/2024,97
361,Skelly,362130,5/14/2024,129
362,Lindy,441344,6/25/2024,172
363,Imogene,573287,1/26/2024,201
364,Liam,127501,7/11/2024,13
365,Sax,320066,3/12/2024,125
366,Rooney,512957,9/6/2023,41
367,Con,321243,10/7/2023,41
368,Esme,381567,12/13/2023,196
369,Aili,709214,11/18/2023,104
370,Fairfax,340817,1/24/2024,38
371,Hadley,317661,12/24/2023,47
372,Odette,847253,5/31/2024,44
373,Tedi,848535,11/26/2023,36
374,Tricia,763456,7/9/2024,45
375,Cassie,972136,6/8/2024,61
376,Gilberte,499060,11/15/2023,3
377,Vitia,380985,6/15/2024,214
378,Gordon,145382,2/2/2024,104
379,Rianon,439395,7/15/2024,249
380,Celie,117956,8/11/2024,12
381,Boniface,428413,5/20/2024,123
382,Annamaria,293581,7/28/2024,73
383,Maisie,778318,5/27/2024,55
384,Charmaine,630228,8/20/2023,16
385,Reiko,458956,4/3/2024,108
386,Kenny,280453,11/16/2023,178
387,Ellswerth,553861,6/16/2024,93
388,Janeen,794085,3/3/2024,109
389,Brigitte,579099,7/12/2024,88
390,Kurtis,329476,9/13/2023,49
391,Frants,871973,1/27/2024,169
392,Binky,686861,5/12/2024,144
393,Millicent,710723,7/12/2024,89
394,Justinn,995045,4/28/2024,164
395,Carmel,179790,5/26/2024,141
396,Wolfy,373544,11/17/2023,172
397,Allianora,199741,1/17/2024,122
398,Thorn,429552,10/19/2023,220
399,Merrel,976817,4/4/2024,125
400,Janaye,757424,1/17/2024,42
401,Christie,504737,6/24/2024,140
402,Gail,132373,9/20/2023,78
403,Aldus,372273,9/1/2023,121
404,Rana,398753,6/23/2024,199
405,Ernesta,342596,11/19/2023,6
406,Kissiah,673235,9/20/2023,82
407,Michell,157668,2/17/2024,166
408,Loella,703050,4/16/2024,123
409,Darline,635880,3/6/2024,218
410,Johanna,356444,12/8/2023,9
411,Holt,708941,7/16/2024,60
412,Petronille,366486,6/30/2024,6
413,Neville,967856,9/6/2023,23
414,Torre,390791,2/26/2024,122
415,Fawnia,951072,1/6/2024,127
416,Lancelot,620679,6/16/2024,76
417,Pamella,802407,6/1/2024,67
418,Mark,689374,3/13/2024,161
419,Alfons,691882,11/6/2023,135
420,Gabie,982352,10/7/2023,26
421,Arny,736095,12/25/2023,177
422,Zola,323101,6/20/2024,212
423,Skyler,867061,11/18/2023,71
424,Kinsley,343130,11/13/2023,44
425,Constanta,568393,3/6/2024,58
426,Danica,262685,9/2/2023,100
427,Marya,394917,4/25/2024,222
428,Hertha,361336,7/5/2024,136
429,Gene,409923,2/2/2024,205
430,Bunny,946422,11/23/2023,154
431,Margeaux,927222,7/31/2024,221
432,Quincy,703423,7/23/2024,28
433,Elena,675561,10/24/2023,245
434,Lainey,629859,3/20/2024,245
435,Fernanda,251821,6/20/2024,42
436,Catie,159965,10/4/2023,138
437,Corabelle,538300,7/13/2024,10
438,Cinda,282898,4/8/2024,234
439,Bernette,352228,4/23/2024,225
440,Kaela,169765,10/8/2023,225
441,Kristofer,867050,11/11/2023,90
442,Darby,532138,2/8/2024,165
443,Alyce,949490,11/24/2023,47
444,Lyle,218824,11/10/2023,51
445,Ned,104715,5/8/2024,40
446,Cameron,852231,6/16/2024,74
447,Cindy,886194,5/16/2024,58
448,Kessiah,684299,2/8/2024,26
449,Skylar,192132,3/24/2024,228
450,Bessie,650261,12/31/2023,168
451,Jack,359049,9/2/2023,201
452,Claudius,461711,9/9/2023,6
453,Morly,508619,1/16/2024,139
454,Bernadine,897469,3/23/2024,58
455,Heywood,635032,3/31/2024,225
456,Randal,932679,3/8/2024,70
457,Reiko,947836,11/18/2023,213
458,Barbabra,485869,4/24/2024,246
459,Kelley,127656,4/30/2024,226
460,Barbabra,433313,8/26/2023,185
461,Ermina,196545,11/30/2023,198
462,Jeffry,429991,1/13/2024,142
463,Inglis,884086,1/4/2024,185
464,Don,191531,9/2/2023,25
465,Algernon,905058,9/23/2023,9
466,Berry,642360,8/10/2024,79
467,Lorraine,418677,4/28/2024,206
468,Josefina,975771,12/6/2023,250
469,Wilek,462922,3/18/2024,102
470,Edsel,252405,6/30/2024,192
471,Gayle,327733,10/8/2023,90
472,Dov,788095,12/1/2023,16
473,Jess,995498,6/19/2024,86
474,Adorne,773150,2/1/2024,239
475,Allen,762004,1/20/2024,168
476,Vannie,736821,1/10/2024,106
477,Panchito,393394,6/4/2024,164
478,Rafaello,122497,3/11/2024,39
479,Greggory,168377,1/19/2024,130
480,Rora,422951,8/24/2023,155
481,Hillard,976300,9/5/2023,132
482,Marylou,683487,5/7/2024,226
483,Chantal,505094,1/18/2024,177
484,Davidson,625268,11/19/2023,103
485,Amalia,835669,9/4/2023,166
486,Flora,386636,11/21/2023,190
487,Lonnard,404948,6/17/2024,73
488,Marylee,918860,10/24/2023,62
489,Lorry,933325,6/20/2024,29
490,Morgen,933957,7/27/2024,97
491,Lorne,497396,6/6/2024,130
492,Dagmar,838931,8/6/2024,208
493,Aryn,987869,2/26/2024,148
494,Aleta,194117,12/29/2023,122
495,Noella,519439,11/22/2023,180
496,Jacklyn,883356,6/23/2024,189
497,Lucilia,244278,3/5/2024,132
498,Turner,236672,1/25/2024,18
499,Guendolen,465955,6/28/2024,118
500,Luise,208181,2/14/2024,3
501,Ajay,485928,2/27/2024,41
502,Olivie,862209,3/7/2024,196
503,Rheta,648660,4/13/2024,81
504,Margalit,992253,6/19/2024,99
505,Rubia,972660,10/9/2023,63
506,Shandy,155269,5/27/2024,101
507,Peg,445416,2/9/2024,36
508,Carol-jean,857555,2/10/2024,78
509,Lynna,978098,1/10/2024,18
510,Dorris,141551,1/13/2024,203
511,Darcy,509905,3/3/2024,145
512,Dallon,147655,1/4/2024,182
513,Venita,862885,10/28/2023,150
514,Raleigh,524776,2/16/2024,104
515,Ira,305491,1/4/2024,144
516,Robinson,533693,10/18/2023,95
517,Honey,568398,5/10/2024,216
518,Adore,559101,7/1/2024,216
519,Danika,284628,6/26/2024,66
520,Danette,286357,6/1/2024,246
521,Eba,477539,11/17/2023,225
522,Salomone,128969,1/21/2024,92
523,Delila,572514,11/18/2023,200
524,Wilie,545886,1/31/2024,26
525,Barris,259934,11/14/2023,150
526,Essy,510408,3/14/2024,11
527,Betty,449343,3/7/2024,17
528,Ula,391114,4/19/2024,239
529,Leanora,267385,10/23/2023,188
530,Isaac,740837,7/22/2024,68
531,Nickolas,616472,1/9/2024,37
532,Marysa,802656,11/3/2023,221
533,Sergei,888886,11/13/2023,3
534,Victoir,467524,4/8/2024,209
535,Myrah,773269,5/28/2024,206
536,Erina,106194,12/13/2023,58
537,Bord,797276,6/24/2024,248
538,Modesta,649782,12/18/2023,38
539,Cindelyn,523902,1/29/2024,109
540,Maridel,577189,3/15/2024,73
541,Courtney,938311,5/27/2024,96
542,Iolanthe,270766,9/7/2023,155
543,Erinna,417798,8/9/2024,154
544,Edwin,653563,3/29/2024,80
545,Shamus,453724,4/11/2024,131
546,Sarine,997019,3/12/2024,67
547,Colver,659242,10/9/2023,19
548,Hilliard,683498,3/2/2024,154
549,Arlyne,623872,4/16/2024,177
550,Ceciley,713086,7/6/2024,196
551,Fernanda,254456,6/16/2024,153
552,Inna,722682,1/20/2024,56
553,Ikey,847373,10/31/2023,53
554,Dorthea,131199,10/26/2023,44
555,Maribeth,649396,7/19/2024,137
556,Dex,280413,6/12/2024,40
557,Raul,349059,3/26/2024,81
558,Mil,591213,8/21/2023,201
559,Angy,376975,10/22/2023,16
560,Zulema,408780,5/1/2024,9
561,Brew,778811,12/16/2023,34
562,Horst,576767,10/8/2023,150
563,Marthe,122172,4/1/2024,30
564,Faustine,902017,9/9/2023,25
565,Carmine,914803,5/9/2024,57
566,La verne,230468,4/8/2024,209
567,Lise,914680,1/19/2024,231
568,Colan,440547,4/9/2024,123
569,Pollyanna,934792,4/4/2024,185
570,Ginnie,185657,12/6/2023,232
571,Dorita,460756,12/27/2023,196
572,Betsy,433822,3/29/2024,198
573,Rosita,715787,8/1/2024,106
574,Quintana,583839,10/7/2023,166
575,Alvinia,603995,11/1/2023,58
576,Sibby,421568,12/25/2023,32
577,Kimbra,117177,4/15/2024,123
578,Ginger,461944,4/13/2024,15
579,Ogdon,315802,12/18/2023,175
580,Meaghan,342102,5/14/2024,30
581,Idalina,637292,5/16/2024,55
582,Elbert,144812,11/15/2023,228
583,Camel,643376,4/10/2024,115
584,Westley,498326,2/2/2024,17
585,Chrysa,616633,12/6/2023,101
586,Der,105783,8/30/2023,17
587,Ester,504404,4/20/2024,108
588,Celestyna,205066,4/11/2024,143
589,Baron,143998,8/19/2024,139
590,Hy,468795,12/23/2023,137
591,Evangeline,722136,8/12/2024,148
592,Killy,724267,7/23/2024,49
593,Jacqueline,258259,3/31/2024,121
594,Estevan,752270,10/4/2023,85
595,Garold,613448,6/8/2024,114
596,Gayleen,647225,10/1/2023,182
597,Schuyler,825370,4/16/2024,230
598,Goldy,824249,2/1/2024,1
599,Pamela,374623,12/24/2023,161
600,Abbie,797114,6/5/2024,52
601,Raimondo,987348,2/17/2024,153
602,Helene,945880,5/12/2024,169
603,Etienne,533298,1/10/2024,224
604,Corly,536518,2/14/2024,21
605,Erica,440882,4/19/2024,212
606,Dell,812933,1/16/2024,102
607,Adele,154704,1/6/2024,237
608,Whitman,234025,12/1/2023,91
609,Elka,857478,3/30/2024,132
610,Bernardine,430194,5/23/2024,73
611,Celeste,615493,5/21/2024,96
612,Raynor,131938,6/19/2024,9
613,Daffy,232648,7/13/2024,39
614,Billie,271369,3/26/2024,136
615,Dora,440128,1/26/2024,142
616,Harriett,170310,3/15/2024,135
617,Kahlil,214730,6/26/2024,173
618,Joli,603062,10/16/2023,14
619,Quinta,860672,2/27/2024,157
620,Kimble,335920,1/3/2024,108
621,Job,826525,3/15/2024,91
622,Geno,672521,8/4/2024,165
623,Fay,973547,9/11/2023,80
624,Tansy,807102,10/20/2023,86
625,Rozalie,258605,3/20/2024,170
626,Katuscha,277948,6/7/2024,177
627,Hadlee,314545,2/9/2024,240
628,Jeanne,672043,11/10/2023,107
629,Roch,556669,10/10/2023,75
630,Carree,490602,2/8/2024,91
631,Tabatha,185907,12/12/2023,62
632,Alexine,691148,5/30/2024,222
633,Brandais,318746,12/22/2023,202
634,Audrye,927141,4/26/2024,182
635,Zollie,568065,8/12/2024,206
636,Boris,544634,11/5/2023,113
637,Constantine,666452,9/13/2023,160
638,Mei,582388,5/28/2024,217
639,Garrett,162165,11/5/2023,238
640,Dex,771742,6/25/2024,163
641,Ulberto,463220,5/15/2024,27
642,Napoleon,430280,12/3/2023,55
643,Aleen,397145,5/13/2024,128
644,Jocelyne,931174,9/25/2023,239
645,Scarlet,545450,2/14/2024,95
646,Morgan,223672,9/15/2023,49
647,Devlin,927037,4/24/2024,218
648,Rochell,544381,11/19/2023,57
649,Colan,131403,7/19/2024,64
650,Ermanno,901451,7/2/2024,142
651,Shirlene,156164,8/6/2024,18
652,Julio,212938,6/14/2024,85
653,Dodi,392186,3/16/2024,18
654,Edgar,283275,1/5/2024,93
655,Goddart,801332,6/28/2024,172
656,Wrennie,169106,1/16/2024,47
657,Daffi,496334,3/7/2024,88
658,Dag,832301,4/15/2024,226
659,Raeann,103270,9/3/2023,157
660,Winfred,352796,2/1/2024,107
661,Humfrid,463052,1/14/2024,180
662,Vinni,873178,12/12/2023,142
663,Augusto,633072,4/10/2024,12
664,Kelbee,269329,1/16/2024,194
665,Jacenta,457231,1/1/2024,217
666,Hermina,724842,4/21/2024,122
667,Geoffry,483345,10/30/2023,198
668,Reena,189295,7/9/2024,201
669,Dietrich,320477,3/10/2024,29
670,Paulie,721822,10/8/2023,205
671,Lynna,315107,11/30/2023,214
672,Arnaldo,126301,1/24/2024,122
673,Ervin,906369,7/22/2024,180
674,Thor,342229,4/11/2024,114
675,Porty,376994,2/27/2024,41
676,Warner,853867,3/16/2024,192
677,Pierrette,539879,4/4/2024,169
678,Tracy,394779,8/4/2024,112
679,Annice,216349,10/20/2023,191
680,Adelle,624378,4/28/2024,241
681,Vivienne,563399,7/21/2024,99
682,Karim,879477,2/23/2024,156
683,Corny,159361,3/14/2024,40
684,Verge,848161,8/21/2023,185
685,Bette-ann,988959,3/7/2024,155
686,Kiley,408563,5/17/2024,82
687,Harriot,540214,1/25/2024,40
688,Danya,834238,9/12/2023,232
689,Dena,689765,9/24/2023,232
690,Filberto,438031,6/4/2024,41
691,Shalne,752199,10/19/2023,61
692,Ryan,415614,7/12/2024,222
693,Jenn,418203,5/2/2024,205
694,Kaitlin,542836,11/3/2023,100
695,Nesta,735176,9/10/2023,240
696,Norby,558675,10/26/2023,68
697,Sander,945800,4/29/2024,164
698,Anissa,774921,11/24/2023,199
699,Crystie,988485,5/31/2024,146
700,Duncan,518653,10/29/2023,7
701,Verna,976034,9/19/2023,182
702,Karim,274642,4/2/2024,238
703,Sheridan,324816,1/14/2024,52
704,Alexi,480583,9/27/2023,114
705,Caz,452719,1/19/2024,109
706,Myrwyn,745177,9/2/2023,60
707,Arv,696377,2/20/2024,136
708,Brittaney,529148,9/28/2023,33
709,Kirbie,492122,1/22/2024,215
710,Dareen,258613,4/9/2024,207
711,Jarred,913966,12/25/2023,234
712,Enrico,139477,3/4/2024,238
713,Devondra,965339,8/31/2023,220
714,Evy,127558,2/4/2024,7
715,Salomi,562962,1/31/2024,81
716,Pru,538362,6/3/2024,77
717,Gui,781064,10/10/2023,56
718,Gerry,819172,12/6/2023,4
719,Beitris,996856,9/26/2023,27
720,Tripp,445919,1/18/2024,132
721,Debi,644211,11/26/2023,30
722,Benny,568632,5/20/2024,27
723,Betsey,456765,6/27/2024,41
724,Eward,829756,8/11/2024,154
725,Emlynn,345310,11/23/2023,226
726,Rockwell,982985,1/22/2024,243
727,Ginny,369551,2/3/2024,146
728,Ervin,490599,1/28/2024,155
729,Hamel,381275,4/29/2024,141
730,Vic,458859,6/15/2024,101
731,Gayle,431880,11/11/2023,114
732,Ferguson,441373,8/18/2024,143
733,Rowe,813453,8/17/2024,164
734,Dulcia,659393,12/27/2023,201
735,Benedetto,905100,6/24/2024,139
736,Boyd,821905,6/23/2024,235
737,Yvonne,512629,8/15/2024,162
738,Blinny,125153,7/15/2024,76
739,Alyce,905450,8/21/2023,158
740,Genia,116247,9/16/2023,95
741,Krista,173842,10/2/2023,45
742,Rubina,199897,9/1/2023,102
743,Aldus,753195,11/8/2023,96
744,Aggie,203324,8/11/2024,189
745,Farleigh,695903,1/1/2024,90
746,Casey,141712,6/11/2024,71
747,Zilvia,131549,9/7/2023,219
748,Kristine,320179,12/31/2023,140
749,Tad,662536,4/29/2024,152
750,Debee,357536,8/25/2023,117
751,Armin,784528,3/10/2024,86
752,Blondie,278389,8/5/2024,164
753,Jonie,999588,12/24/2023,91
754,Arlin,656929,1/4/2024,1
755,Karoly,889994,7/28/2024,210
756,Worthy,506739,2/24/2024,56
757,Paulina,126711,5/5/2024,88
758,Nappy,123269,2/16/2024,110
759,Bonni,923676,6/15/2024,72
760,Marlon,533993,5/24/2024,63
761,Petra,879190,6/2/2024,205
762,Hinze,921045,12/17/2023,154
763,Guillermo,306504,11/8/2023,11
764,Hyacinthie,442324,9/26/2023,177
765,Pete,230508,12/28/2023,156
766,Camala,451056,9/30/2023,65
767,Valentina,121913,7/20/2024,81
768,Syd,803676,8/24/2023,112
769,Annabell,497563,12/6/2023,40
770,Ringo,630499,12/3/2023,9
771,Papageno,146816,11/18/2023,128
772,Bertie,313932,9/28/2023,61
773,Ericha,203649,4/3/2024,170
774,Clare,467037,10/17/2023,215
775,Torre,503497,8/21/2023,157
776,Austin,236070,4/12/2024,176
777,Issi,758178,6/21/2024,146
778,Eward,393454,9/9/2023,137
779,Traver,610874,5/27/2024,93
780,Netta,335552,2/23/2024,175
781,Falito,912914,12/8/2023,178
782,Allsun,360424,2/24/2024,221
783,Bridgette,855952,2/22/2024,83
784,Moises,879255,6/14/2024,63
785,Orazio,668295,9/10/2023,84
786,Delora,531402,5/16/2024,105
787,Harman,546347,4/13/2024,19
788,Hazel,581581,7/14/2024,178
789,Chicky,420707,2/24/2024,2
790,Susann,560934,7/30/2024,88
791,Ruthie,264338,9/10/2023,172
792,Roley,308910,4/26/2024,148
793,Betta,121578,6/27/2024,194
794,Horace,771995,3/23/2024,150
795,Vitoria,106979,3/22/2024,70
796,Mario,437069,1/3/2024,81
797,Thedrick,189424,11/8/2023,211
798,Rutherford,358245,7/31/2024,229
799,Reade,122016,8/31/2023,179
800,Greg,401132,8/10/2024,12
801,Claudia,757135,12/26/2023,233
802,Benni,575899,2/5/2024,73
803,Marylin,631639,3/9/2024,59
804,Lani,870520,6/4/2024,119
805,Brande,376438,7/2/2024,125
806,Joli,693629,2/22/2024,167
807,Sherrie,453301,10/9/2023,205
808,Federica,730859,10/14/2023,68
809,Karalynn,364133,8/25/2023,175
810,Leanora,725139,6/16/2024,8
811,Lorie,406472,8/25/2023,232
812,Dorothy,810650,6/15/2024,95
813,Bret,908592,1/18/2024,125
814,Lawrence,132659,3/5/2024,37
815,Ianthe,791307,9/6/2023,75
816,Judd,547151,1/19/2024,48
817,Kristofer,231972,8/13/2024,80
818,Lou,423211,6/16/2024,173
819,Charlotte,824540,3/8/2024,155
820,Leoline,219349,12/12/2023,127
821,Leelah,251008,3/8/2024,78
822,Sabrina,187007,2/9/2024,178
823,Erminia,387159,7/7/2024,220
824,Chrysa,347233,9/21/2023,131
825,Candida,329196,4/2/2024,46
826,Leland,821251,3/12/2024,177
827,Corene,492220,2/5/2024,88
828,Nelly,556618,1/17/2024,8
829,Fin,757613,10/3/2023,93
830,Jordon,260705,11/15/2023,216
831,Oriana,265083,10/25/2023,136
832,Neville,996055,4/23/2024,67
833,Blinni,505901,10/7/2023,69
834,Arlen,887061,8/19/2024,193
835,Marjie,900226,10/10/2023,48
836,Spence,107408,10/4/2023,13
837,Skye,635843,8/28/2023,231
838,Frannie,254455,12/17/2023,232
839,Joceline,392902,3/28/2024,245
840,Mano,279416,11/4/2023,37
841,Nananne,379723,6/16/2024,81
842,Stephan,253207,1/10/2024,117
843,Dody,527318,11/28/2023,24
844,Jesus,337753,2/18/2024,221
845,Vladimir,988380,3/28/2024,67
846,Karilynn,416436,4/3/2024,201
847,Meredithe,233847,10/1/2023,170
848,Osborne,184592,3/15/2024,138
849,Corella,453503,11/7/2023,20
850,Clerissa,918060,4/3/2024,153
851,Glennis,644521,10/26/2023,235
852,Gerianna,711895,7/7/2024,78
853,Craggy,924923,5/11/2024,156
854,Min,890817,1/6/2024,125
855,Berny,195570,6/9/2024,211
856,Laurice,741768,10/31/2023,18
857,Jeanelle,917244,10/13/2023,183
858,Rafi,438018,2/26/2024,73
859,Efrem,818421,1/27/2024,136
860,Winne,187528,5/27/2024,138
861,Flora,849779,4/1/2024,98
862,Merci,484569,9/7/2023,25
863,Kristopher,921122,11/28/2023,71
864,Nadya,776960,12/24/2023,219
865,Annetta,575175,3/15/2024,142
866,Olva,521518,4/29/2024,74
867,Lisette,878247,11/7/2023,177
868,Sarette,594262,11/14/2023,125
869,Tatiania,732189,1/5/2024,142
870,Rae,183552,3/7/2024,167
871,Ogdon,402615,1/4/2024,235
872,Maggee,746040,2/10/2024,80
873,Meade,790385,12/29/2023,24
874,Adam,446628,11/6/2023,53
875,Ingunna,266906,6/13/2024,164
876,Mirelle,551046,7/17/2024,56
877,Kathlin,193884,9/23/2023,59
878,Gabbie,816565,6/26/2024,94
879,Ursa,283352,4/9/2024,131
880,Pierette,238734,7/23/2024,84
881,Anallise,388360,2/8/2024,76
882,Barbabas,755226,3/29/2024,23
883,Dietrich,464825,7/10/2024,37
884,Leeann,600022,7/24/2024,211
885,Joly,292531,1/6/2024,211
886,Demetrius,432900,2/6/2024,147
887,Ellynn,753123,3/20/2024,183
888,Gena,683602,9/21/2023,145
889,Raine,552096,5/19/2024,170
890,Kassey,583472,11/30/2023,136
891,Cliff,206944,9/15/2023,215
892,Sapphire,589839,2/21/2024,20
893,Barbaraanne,522125,2/21/2024,195
894,Annecorinne,779508,3/14/2024,227
895,Siffre,828751,9/10/2023,139
896,Dave,731034,3/21/2024,148
897,Essie,793975,7/23/2024,101
898,Jephthah,460437,1/6/2024,34
899,Ogdon,369277,1/5/2024,242
900,Lavinia,115628,6/19/2024,243
901,Blisse,295142,2/22/2024,96
902,Averyl,350792,10/11/2023,24
903,Sydelle,619657,4/15/2024,128
904,Brandais,463709,6/20/2024,160
905,Fabien,638066,1/1/2024,74
906,Josy,217797,1/2/2024,74
907,Paddie,670579,11/11/2023,87
908,Kerrin,849116,6/8/2024,101
909,Cassie,369246,3/20/2024,33
910,Basilius,837107,10/27/2023,201
911,Rachele,935069,11/27/2023,121
912,Illa,648217,1/19/2024,40
913,Alysa,884962,9/22/2023,88
914,Neall,501569,5/7/2024,219
915,Gillie,487501,2/19/2024,237
916,Sheelagh,843505,9/18/2023,198
917,Barnabas,922572,2/21/2024,16
918,Gordy,739106,2/23/2024,152
919,Bonnie,785984,9/6/2023,34
920,Josselyn,332389,4/26/2024,58
921,Harriet,831826,4/17/2024,176
922,Randolph,343825,5/25/2024,57
923,Stanislaw,696114,5/27/2024,194
924,Nicki,786377,2/8/2024,5
925,Valma,799071,2/7/2024,20
926,Juline,877972,3/3/2024,121
927,Lemmie,450518,8/20/2023,1
928,Loy,121696,4/7/2024,207
929,Krishnah,440904,7/4/2024,61
930,Josi,566135,6/4/2024,17
931,Jeremias,120821,6/25/2024,17
932,Ginelle,929054,7/27/2024,13
933,Bevan,721912,9/23/2023,24
934,Yovonnda,619162,5/2/2024,170
935,Haskel,616856,11/20/2023,163
936,Frankie,410282,11/30/2023,31
937,Linn,138574,10/26/2023,163
938,Marietta,240013,3/6/2024,219
939,Adrienne,733361,10/28/2023,170
940,Therine,662664,11/4/2023,206
941,Ilene,436159,2/14/2024,37
942,Norean,238117,3/23/2024,116
943,Isis,536247,8/27/2023,239
944,Camella,836274,1/30/2024,34
945,Ryley,593999,12/11/2023,122
946,Claudetta,382070,1/24/2024,102
947,Farrell,784018,8/31/2023,5
948,Candra,829195,12/9/2023,13
949,Abdel,612352,2/29/2024,210
950,Jennilee,312740,2/15/2024,209
951,Matty,176414,8/30/2023,106
952,Calli,391364,9/29/2023,23
953,Bryn,819905,4/6/2024,81
954,Beverie,479641,8/1/2024,131
955,Broderick,823797,6/23/2024,248
956,Morgana,568600,11/2/2023,72
957,Karl,158274,2/26/2024,130
958,Dre,299880,7/30/2024,243
959,Harp,618200,1/20/2024,220
960,Yul,934130,2/5/2024,188
961,Beitris,623301,12/19/2023,44
962,Trueman,242316,9/16/2023,211
963,Emmalynn,300434,8/27/2023,156
964,Giulia,960065,7/18/2024,228
965,Nanon,838114,4/11/2024,34
966,Tasia,307941,8/23/2023,223
967,Alleyn,261834,11/9/2023,219
968,Renata,859440,8/10/2024,186
969,Darbie,247563,11/9/2023,233
970,Kissie,792304,6/22/2024,3
971,Dominick,294290,10/12/2023,178
972,Flin,677983,9/14/2023,13
973,Dynah,842195,11/2/2023,113
974,Christiane,955141,11/1/2023,44
975,Erika,498431,7/25/2024,41
976,Ramona,908801,12/22/2023,156
977,Helene,801910,2/29/2024,218
978,Rorie,209313,4/25/2024,51
979,Cleavland,551975,9/24/2023,113
980,Florian,252430,5/13/2024,167
981,Gertrudis,805155,10/24/2023,8
982,Gal,311885,9/7/2023,244
983,Ursola,105562,8/26/2023,39
984,Micaela,393080,8/25/2023,9
985,Car,397737,7/19/2024,207
986,Charil,323467,8/15/2024,139
987,Cayla,518943,6/1/2024,53
988,Hayward,174800,7/18/2024,97
989,Sara,848928,12/28/2023,67
990,Symon,351548,3/25/2024,77
991,Grazia,332992,1/21/2024,122
992,Maye,901422,4/16/2024,132
993,Koral,142114,5/23/2024,247
994,Cheri,512177,10/23/2023,60
995,Celinda,814847,10/12/2023,248
996,Graehme,126698,7/11/2024,34
997,Asher,778264,10/8/2023,151
998,Jilli,583961,12/10/2023,41
999,Dodi,171686,6/11/2024,126
1000,Beatrice,347094,11/8/2023,115
